84820946,Nadiya Josefsohn,845945427,6,844467
434009730,Xylina Goodredge,7481350303,7,368744
930887317,Jedidiah Nicholes,2061096292,5,960785
882228542,Marcellina Hamly,4902429673,5,386462
659240869,Craig Chaperlin,3000810177,3,390457
691477134,Rodolphe Conring,3291319193,0,821509
952589429,Gabriell Klemke,191537237,4,983887
465764930,Daisy Perot,8266748614,9,276554
330672233,Anita Goodread,1455220181,0,253255
257234494,Luke Street,5743038880,0,776087
328039849,Therese Rickardsson,6599985366,7,247876
613210106,Chandler Davidescu,7306469365,4,150932
695142142,Reggy Keson,8815690809,4,495269
884080589,Boote Tunney,1443785149,0,969689
687679682,Celestyn Ouslem,8700181188,2,972190
464407901,Eziechiele Lebbern,4162866189,6,943277
289138827,Bobbye Gammet,2584999057,9,937070
150054806,Homer Methley,2489148892,6,484832
724646238,Vally Bennett,6788614902,8,320131
40152650,Lisle Behrens,1609807733,9,357571
682967665,Ado Brothwood,1627691070,3,830299
982841214,Allan Thorneloe,1541106992,0,239831
319456434,Augustine Hightown,4879699195,3,134833
617470874,Avram Verey,7758692633,2,720684
969909647,Creigh Gilbane,8173044223,9,866816
474299922,Ian Lamdin,498955755,7,611369
67452271,Tamqrah Brittlebank,8837980542,3,946542
801126689,Homere Crutchfield,1666466818,3,568738
872650859,Bamby Overell,616344260,0,4023
343101544,Beltran Philippard,6570090902,5,980281
729630217,Sharona Drakes,3234107106,5,610741
592380155,Ernst Rochelle,9171327092,5,977025
45223254,Hortense Stockoe,3996393107,0,94408
292410095,Fredericka Dewes,7141111744,0,86054
122981462,Tyson Brislawn,2998136435,3,627108
513456250,Sher Gudge,9850061082,2,823050
700495609,Ellary Coggon,2085411080,3,759363
339730126,Jeanie Puckrin,7145258841,1,794546
642868071,Laverne Grundwater,8357060152,5,901764
941286535,Katine MacFadzean,245871077,3,622276
797403574,Kailey Board,8676905208,9,632135
357549787,Devlin McKiernan,5388312990,5,961417
197440655,Shayla Croisier,9843823058,8,668167
593031274,Annamarie Worledge,2134472188,0,694793
308371321,Anabel Timny,8371359702,5,208593
844834131,Lindsey Dahle,3181054188,0,425885
694158228,Adolphe Folks,4129454846,0,923360
76694404,Riley Faichnie,8162564481,5,718332
546881495,Drucie Cakebread,6378344393,0,724925
683876612,Margalit Stammer,7380036911,4,318208
164848431,Doralia Doble,5324260484,8,326657
703647038,Josephine Crysell,5394056396,5,538277
755196569,Annissa McAvaddy,6586064984,7,543545
764912404,Kristen Burner,4985994672,2,474410
648068507,Garrick McVrone,4743093636,3,530625
876557311,Ritchie Balaisot,8664587478,2,302518
8743285,Aubrey Oseland,8084333159,7,379996
216171954,Berty Raunds,8855703337,8,738105
56340566,Randi Negus,2627836235,0,916409
506541962,Rollie Faunch,545177250,1,6887
110669694,Auroora Ingree,329645641,2,331711
372900311,Shaylah Furminger,1741923325,4,226446
764146782,Vivie Highway,2162873316,7,135985
626724717,Batsheva Flucks,6150959971,4,468896
435018151,Elia Farquar,8573805438,2,68690
3720065,Lyndsay Sinncock,8158573791,8,603560
358708601,Rene Extall,7897674689,5,275759
305541802,Esmaria Larkworthy,8108472518,4,456462
684680587,Lowe Dibnah,9130737920,7,541153
882088475,Ethelda Lembcke,654620198,5,627368
727246539,Bone Dochon,2074415626,4,92933
859805848,Barbi Cockshot,7238685822,6,142472
886189168,Marillin Snoding,2209607916,5,760857
853224340,Eric Francke,9016798195,3,579312
548682858,Averill Perrycost,3098658302,6,303798
38047456,Hazel Keyson,7187961906,3,506157
125197446,Julianne Caseri,9686438673,3,394722
677295381,Ware Hallowes,4567959605,2,453643
37751157,Bradford Poolman,4978667589,8,205070
410689994,Winfield Iorizzo,1425224020,1,132744
529763136,Magda Helks,3022230561,6,261777
536757088,Creight Maharry,2382922929,7,834399
837266762,Dosi Benini,205152288,9,475888
987520875,Connie Causnett,5936794193,2,195424
234292934,Emery Farherty,9418899477,9,273302
860002350,Perla Dobbins,5845545611,2,957757
592142730,Shirlene Ratley,9401740587,9,439537
483083830,Christoffer Pigram,7809548508,4,947876
803567889,Nahum Brissard,1461964164,0,100964
261071633,Gregoire Strudwick,1889056276,1,456022
990917615,Colby Dimitrescu,2184270479,6,160946
370922806,Geri Mougin,3512413360,0,31217
879745965,Bret Ogbourne,5177313959,1,465805
712168405,Bondy Sutehall,7821251916,9,126010
573803178,Yetty Tume,1333594066,2,894108
914537234,Bruno Payler,9239325917,0,393274
585225071,Sara-ann Astill,2919163842,3,508746
565841124,Rafaellle Haugg,2911376380,3,770030
955546707,Minda Haimes,7552408425,4,435283
348924180,Lammond Toohey,597847852,4,21988
352102297,Herb Keri,3079238479,4,233355
924671760,Esmaria Allain,1457765295,8,804414
319211498,Rita Scoterbosh,7887874226,7,601111
899162154,Clo Hutchings,3696956926,9,460527
434942028,Florette Bragge,390192921,0,642854
606052062,Wolfgang Ambrosetti,9222477040,9,904410
156915148,Raoul Whiteson,5083933187,5,276725
574254670,Garald Laughtisse,7655105542,9,646357
195302582,Lanny Christoffe,3075144472,3,432369
516160296,Reamonn Spellard,276510277,9,217078
54299705,Madelle Peschka,5294240832,6,371842
765232039,Marget Bawle,6373087160,5,301328
965231383,Nat Fullun,4936151145,8,901749
26155103,Saloma McAline,2307327320,8,341635
874046260,Wolfgang Shirer,5335024467,7,508177
716896113,Jay Baudins,192269288,9,67528
256609018,Dicky Cabrales,1917748208,4,644639
901579170,Brant Fairman,2306715217,8,886515
685352488,Joleen Branno,466959512,8,904563
694978163,Cobb Bettenay,7258078329,0,328907
920935664,Farlie Malacrida,6226416389,0,218319
350861918,Kerby McElroy,2443342238,1,429918
171398184,Nero Toward,3796785440,9,524317
343620926,Rebe Jesty,3065123989,2,813374
422878137,Darcy Braybrooke,1836175686,8,718118
185540290,Letizia Life,6851320260,2,551987
167969511,Raphael Faley,4532834803,2,568913
48620798,Bar Willans,1822479813,2,110440
444759011,Putnam Juris,4751193841,2,707081
785225598,Kleon Corain,6499282929,9,673643
434893051,Vaughan Brightling,9959624096,5,32415
94234366,Huntlee Lanfranconi,4848649428,9,478215
636316842,Enrika Carlisi,6551314073,9,47414
621325640,Rosemarie Bunch,9166364398,2,333973
751156484,Daveta Tibalt,450835532,6,508013
244492446,Joscelin Karel,8647873916,1,347241
632413073,Gabriella Crummay,1001948554,1,728392
697967921,Melissa Buzine,2651931982,3,4620
713710788,Lydon Tuxell,1178385219,0,550998
785755053,Borden Sherratt,3670636081,5,96770
566079321,Bobinette Nutting,9015793827,9,55662
404684769,Irwin Bohlje,7640609834,5,782444
600965200,Ilyse Janny,6876437063,8,565060
199363022,Evangelia Shanley,1361807513,6,797532
467663117,Gusella Bagot,2620864580,3,43278
230147754,Osmund Cunnell,258568637,7,295838
287512577,Sampson Lachaize,3107854512,8,341678
927268475,Cora Tilte,9457785915,0,658413
372705082,Bibby Kerwood,7058922638,0,30752
123420585,Tom Revie,2492562427,9,697486
402758086,Zelig Rowbotham,46678592,6,538804
143300106,Lizzy Kochel,3573762516,6,329481
416395499,Arel Margetson,5428629784,5,225934
972404382,Michal Senchenko,8000924020,6,99829
319401336,Ebony Trevethan,4762601997,2,707387
290946720,Cyb Wibrew,6443001244,5,24482
662865219,Randal Kelberman,2543702364,5,98853
412718689,Reid Cardenosa,4334017022,4,698316
37361188,Doro Fearneley,8163662683,3,180081
331819120,Pearla Busse,6234978255,3,73681
290946795,Christian Date,4683824749,5,540343
480010168,Rikki Barsby,1435337045,7,15973
459548471,Danie Dorning,6760533179,0,72084
455875703,Keary Stollhofer,6479439329,1,526414
358099238,Shannen Mossop,1996049205,4,331179
17018337,Faina O'Lunny,1613864773,0,250875
496354373,Pammy Bracken,8184324988,2,829627
188297826,Simmonds Myers,8596842223,5,987421
904379184,Maynard Duhig,8279619385,0,91398
456240081,Tybalt Narbett,9332948877,9,77461
953839975,Catina Whytock,3997072925,2,127106
511666381,Brandtr Hunnawill,7345548879,6,613033
301600685,Emelia Matys,7168422918,3,938808
87942991,Whitby Cromack,4205920734,1,820318
646578617,Allene Kinny,268563809,3,910649
318487093,Ambur Clotworthy,3887936566,6,922516
746775539,Had Bowskill,2396289040,3,49625
171358844,Bartholomew Schrinel,2495753574,9,74824
593574011,Waldemar Mycroft,7560063230,4,889563
616593592,Katrine Hastings,3978338426,0,153973
946484887,Titos Mustchin,3030668384,0,219362
982625912,Colline Gueny,8216526176,6,699563
56665293,Tammara Seyffert,1147379828,8,673954
213517251,Silvio Carlsen,6425125,6,307136
338786724,Matti Ollcott,2109221015,6,831769
809210347,Delaney Farndell,1658360832,7,244178
925676193,Camel Mort,6718035327,9,666949
447208065,Denis Burmaster,8313397908,5,678320
7686136,Urbanus Swinerd,8948759817,6,570726
98036342,Diane-marie Awcoate,8193429803,1,569514
385515402,Curran Lulham,3548168202,8,985141
382329818,Celestyn Major,2597948846,8,294077
617906595,Hector Cunrado,1477487054,3,764474
952435896,Cyndy Vermer,998330569,9,801952
792028366,Flss Lawlance,2315386897,3,368754
23895917,Zia Cotta,2783113092,4,525867
440226142,Dacey Pexton,2498604250,1,809598
368427208,Nerita Woollhead,6073589810,2,208486
861578701,Wilek Noot,1657552520,2,244916
296221487,Nata Tolan,9658036086,9,818894
139751444,Saree Kobel,8406033989,2,401196
368408438,Harrison Morgan,2671509846,9,826818
756151207,Christa Davson,114240055,5,470101
224751380,Armand Surman,4155848743,3,779306
668452857,Gaelan Stainland,1673657383,9,36574
203039295,Alon Tatlowe,914453584,5,665611
988986801,Towney Osboldstone,881519516,5,582310
350616675,Huberto Bointon,3045889191,5,402346
577267540,Carlita Shewery,9367017735,3,423514
737502366,Rodolph Poppleton,6683812435,4,120227
28573558,Marketa Heberden,8884759037,3,744600
26983827,Daune Woollin,2156339063,2,895106
70749408,Paulita Stops,4467306545,3,624822
768092641,Rusty Edgell,4376810460,0,823949
382108020,Curcio Solomonides,4783544573,7,645225
625780560,Bradan Lampke,636862840,9,635991
341524919,Arne Taillard,8953816634,6,882908
637545231,Cari de Banke,8917770166,2,307902
21660148,Rosemonde Capelen,5395987623,0,858986
451341729,Mahalia Tebbett,9005058144,5,669742
571384079,Casi Klaus,6477556977,9,861468
694001869,Morganica Coultard,7835131225,4,55093
980254797,Josephine Grunnell,1997855721,8,607468
928730346,Clint Carvil,9799547804,4,911911
472977893,Keri Laguerre,217115517,6,937768
944751510,Donnie Blasi,845853099,0,807762
3763742,Fancy Leroux,8507254216,7,646444
807985236,Cleavland Marcinkus,4315849241,6,400278
501505443,Mary Asling,4439275011,1,280018
484626494,Anissa Blasik,8035907651,8,824089
279819564,Anna-maria Rigby,9764158420,9,729557
313415892,Brooks Lively,7106771357,1,804592
957273541,Cly Stone Fewings,2970828652,0,478389
467672344,Devlin Goulding,7505409749,6,514687
484072438,Berny Cream,4840183609,0,984868
541867807,Levi Rihanek,3770890756,8,876897
869096141,Fred Peddar,371725656,6,888962
496895362,Collen Cuncliffe,6741176984,1,877222
417906497,Nona Robottham,9225022640,7,487696
329223053,Mariejeanne Van Oort,6871430309,5,227771
356429747,Kissiah Livock,3950123599,5,716058
439508478,Rivkah Mityushkin,5627749646,2,128482
350868594,Hedvig Daunter,6522658388,0,945256
262131637,Franchot Harsant,7097010323,8,306839
921916597,Rochella Shoulders,571801533,9,502526
524871113,Gaye Verity,3685727597,3,994925
563825297,Myriam Ottery,7651714600,6,2400
274256285,Lucita Caldroni,1590109379,2,825946
853655844,Ellary Filochov,7883893972,6,656051
53967452,Alexis Grafton,1413244143,8,999091
739332274,Missy Favell,8077827646,7,670751
399597461,Leese Rounce,6273941362,2,787907
621838824,Florrie Darker,9166765087,3,21816
606545135,Titus Stanesby,8581665147,8,936291
297871222,Zorina McJerrow,3866173979,9,480655
385234463,Zacharie Peepall,5196436274,3,603801
849719581,Wake Tolumello,5006700785,5,219527
754181004,Kilian Mackleden,9738348756,6,859285
280557797,Dominga Paxman,8248556977,6,61934
126942811,Clemente Durram,1261045868,2,973969
24242931,Toinette Fellibrand,4998038790,2,205288
592056009,Britteny Youel,3432079312,5,744533
538489805,Nevil Tomet,7612630677,4,885490
596924193,Chantalle Kimbell,2396718397,2,422782
346705867,Thorin Howorth,3771691003,8,444873
488283789,Tiffany O'Hogertie,3187450469,0,722085
544237912,Damian Pardy,5892929406,1,259627
76811459,Phip Bruckent,2763204450,1,415174
641529673,Allina Aloshkin,9099729465,2,778697
338846126,Talbot Gotcliff,1618661274,4,592233
112039462,Sharla Alderwick,9798380420,7,570420
276345123,Khalil Delort,3965602359,6,4240
565475827,Adriane Howels,3322827496,3,727575
668229792,Gilberta Ramsell,3159435466,6,767757
340974069,Marlena Branchflower,1879885049,9,794734
839967846,Gallagher Kimber,9416621603,6,359023
150893023,Mord Sydry,3594560591,8,824000
460161457,Brigida Haxley,7568863572,6,213912
847779484,Penny Cordero,4845445166,3,466213
844926985,Samuel De Gregario,4870757441,6,240943
70784574,Davide Rolf,942298379,6,159358
369298486,Richart Rankmore,1639000454,1,818699
789877912,Grace Blaydon,3087755578,9,983715
826476929,Siana Aistrop,2443574519,6,474541
149987582,Cosette Bullman,3646693935,3,867706
26494965,Alejandra Burberry,7868042906,8,361350
648394045,Marcelo Tunnacliffe,2419167271,9,399701
598286587,Roderigo Becerro,4033844274,9,611709
82951144,Ysabel Rocco,1515421166,7,593568
450800548,Konstantin Neville,7165442886,1,457436
146652047,Delainey Trappe,8267703834,3,129704
433382631,Manda Revill,9415709212,2,620566
923550226,Fan Ramalho,2646193079,7,656769
55976065,Jereme Jouannin,1043842698,1,729454
643783557,Elfrida Matiashvili,5480224482,9,760278
632445150,Lombard Oaks,7967257167,1,797716
152640854,Shalom Tourle,1561048196,5,336826
353031722,Matthew Creigan,2829480072,3,951691
277101326,Carma Anniwell,7280694286,9,188231
363722409,Ogden Drust,5058719826,7,130509
359472284,Budd Wooffinden,4384388919,3,519365
448758218,Seline Drewell,5327325248,6,234015
983587224,Gareth Lawranson,7565149824,2,556952
926312554,Dulcinea Toping,2930908290,8,296945
322958620,Ugo Kaminski,8267970632,5,970283
92040950,Daron Lared,4888547349,3,465125
462293132,Cara Featherstonehaugh,5916817419,1,612054
109033073,Patrice Woodall,2182516451,0,367783
89682078,Petronella McNaughton,6340619965,2,475049
538821369,Felizio Smullen,5709923868,1,261874
705419509,Linnie Alven,1943125882,6,92569
120987548,Emile Sweetzer,7185696233,2,480752
238103428,Christie Ladewig,6785198048,9,408067
315953452,Ulises Dorrance,2924037549,1,797049
549461632,Walt Rathe,3930657136,3,884741
891518547,Ranique O'Cooney,9668758612,2,356901
938312839,Babbette Gloucester,3687814651,6,929979
110577995,Aurora Labbe,4589024156,9,752928
222720859,Xavier Pahl,3527807823,4,392061
202446719,Estrella Badland,8020341345,5,742358
841439925,Regan Trembley,8256182014,4,219747
168727363,Aileen Mallender,574231224,4,839914
841962508,Berty Kernell,1780864552,3,630378
306186320,Rutger Aronoff,2064821279,7,709463
241306351,Kellen Vannini,5407007489,4,714681
227742424,Roderigo Perryman,3605312265,9,740115
279202598,Charla Fairebrother,6984002502,0,515414
271173585,Yolane Trime,5947156790,5,726912
312003728,Beilul Oliver-Paull,1353550665,7,293076
513773381,Orly Rowet,4081869826,0,406709
273516583,Vin Thompkins,8466413204,2,896836
362948808,Cyril Reek,597400855,5,355154
813003712,Stearne Pelcheur,9529253307,1,444525
691004020,Chrystal Probets,2399599226,4,377125
903936169,Chickie Fahy,289920045,9,526727
490194186,Hugibert Poppleton,7731538135,6,403031
922887001,Valma Bourgeois,3652259929,8,921816
637845753,Justine Goodliffe,5594782624,3,475200
686918536,Esme Felce,765868436,1,148886
845279617,Standford Krollman,6352060056,1,442962
343398051,Danell Furzer,5026694321,7,803599
846599784,Tabitha Longmuir,1419832299,7,881838
234517206,Almire Boome,5538583866,8,49784
303398093,August Dowtry,3313400707,1,862564
749206807,Valerie Fowles,3685502868,9,341264
31721616,Maggie Cordingly,7193209302,1,256244
614357194,Bathsheba Thomson,5045125138,6,133271
851644679,Anny Davydenko,8806595861,1,828337
995161352,Yasmin Waterstone,6261530210,8,852401
479798700,Henrieta Brawn,1655362368,1,501897
626435267,Cory Strettle,2804530566,4,288900
722446401,Harper Dilkes,9804728138,9,929299
191966222,Bartolomeo Budgen,6516598882,1,87214
499847200,Benedick Patrone,3799684862,2,297305
857574959,Roarke Trytsman,3983080389,9,693058
232991620,Huberto Sabathe,4934154273,6,590435
416305490,Roseann Knoller,8770347599,1,333602
352986460,Caddric Orsman,4537698862,6,759857
38512072,Brigitta Acory,1496048048,2,53349
644122685,Doy Wonter,4804867938,6,187566
451233866,Engelbert Pengelley,1015097909,2,414801
107594100,Jennette Francey,1060043617,7,188423
843091841,Waldo Grabban,3783185108,2,610427
705341188,Rosetta Lever,4671923689,4,236023
27094584,Cornall Tupper,8278048019,9,685031
36414780,Agnese Say,7885310045,1,251023
978069857,Cobby Faltin,1107688248,9,624835
252646667,Ravid Clatworthy,9452372777,1,358393
115415547,Carolus Sweetland,9366170655,9,464212
799689813,Odella Caunt,3084702782,3,262315
380987674,Leigh Harriman,1563405945,2,784845
849121824,Catharine Wheelan,7876679866,6,298123
77419571,Ros Bewlie,2895579989,5,3276
163298902,Donia Courtier,7367625275,6,310510
687801850,Rowney Putson,2580441136,6,613846
320198245,Guillema Jedrys,8318864567,0,54772
987467075,Galven Aspey,4617049866,6,324031
708166873,Rosemarie Gauler,3673220805,5,288941
626373525,Jorie Pounder,902940716,4,788408
837442849,Cord Whetnell,8362488119,4,605409
318493815,Elysee Pallasch,5250029290,1,859678
844286178,Roxane De Biasi,6377688764,1,894138
166402955,Allsun Giannazzo,6829561759,6,882186
730391092,Ange Clausen-Thue,929978584,3,466890
831199135,Davidson Barhems,8754097861,4,303932
510114881,Cary Stare,2947698263,5,562230
411118462,Burk Donaher,571848795,1,995717
75394300,Nelli Dormon,4323946203,3,196669
78343393,Marleah Pordall,5765250720,5,827561
187542058,Hamel Issac,547444115,9,645058
424186094,Wilt Caswell,868894328,3,898274
428502826,Dar Jakobssen,5907308611,1,668305
749389022,Paton Glass,2958232325,0,442507
921888477,Gayel Stonham,78629005,1,868345
73862127,Nicola Dixcee,8890806537,0,254033
619044600,Phylys Poluzzi,9535313572,0,356287
182009649,Herrick Sparsholt,2176764615,5,995416
678169562,Teddi Howgill,3669498739,0,429335
828103097,Matti Mico,7231311115,4,798932
837396149,Corri Batstone,4539744438,6,640228
