829,2024-08-28,2024-07-16
1402,2024-05-22,2025-03-15
4851,2024-04-11,2024-06-20
3050,2024-07-06,2024-08-27
9950,2024-04-06,2024-08-31
6009,2024-06-05,2024-07-21
8421,2024-07-26,2024-05-22
6588,2025-02-20,2024-07-05
3605,2024-05-25,2024-04-14
4820,2024-04-08,2025-02-17
4576,2024-06-08,2024-12-29
9171,2024-11-02,2024-05-08
8308,2024-08-15,2025-03-24
558,2025-02-21,2024-08-28
5668,2024-10-21,2025-01-01
1938,2024-04-07,2024-06-10
7262,2024-05-11,2024-09-03
1851,2024-12-22,2024-04-16
4770,2024-10-07,2024-04-26
9268,2024-08-03,2024-08-17
9217,2024-05-11,2024-07-16
6918,2024-12-22,2024-05-29
4151,2025-01-01,2024-04-01
1058,2024-11-28,2025-01-28
4272,2024-05-16,2025-02-06
5783,2024-07-18,2024-11-30
1162,2024-07-24,2024-11-14
7077,2024-06-18,2024-04-05
7478,2024-04-11,2024-04-12
4137,2024-05-14,2025-02-17
1806,2024-08-18,2024-06-23
3449,2024-11-04,2025-01-16
2355,2024-11-03,2025-03-14
6122,2024-10-21,2024-06-18
1989,2024-05-17,2025-02-11
1907,2024-05-11,2025-02-23
3494,2024-05-24,2024-08-09
9603,2024-10-03,2025-03-03
2732,2024-05-25,2024-12-19
4020,2025-02-08,2024-09-27
4470,2024-12-19,2024-05-29
3977,2024-12-15,2024-11-09
7973,2024-09-02,2024-08-21
208,2025-02-08,2024-07-27
9471,2024-09-11,2024-11-26
7718,2024-06-16,2024-06-08
1177,2024-11-22,2025-02-01
7702,2025-01-21,2025-01-13
4445,2024-10-26,2024-11-13
2988,2024-10-12,2024-08-01
9965,2024-08-15,2024-07-21
6664,2024-11-12,2024-07-26
1924,2025-02-15,2024-09-08
8668,2024-07-26,2025-03-17
5559,2024-11-25,2024-12-10
6090,2024-11-21,2024-11-09
3662,2024-12-01,2024-12-21
8014,2024-11-28,2024-12-16
7044,2024-11-26,2024-08-07
2685,2024-07-10,2024-09-21
9644,2024-07-24,2024-08-24
7138,2024-04-04,2024-05-03
6547,2024-10-17,2024-09-04
4944,2024-10-25,2024-09-19
6254,2024-10-10,2024-04-23
2167,2024-09-13,2024-11-24
2590,2024-10-12,2024-11-23
3546,2024-03-29,2024-08-11
2280,2024-04-20,2025-02-25
2823,2024-12-17,2024-10-25
5806,2024-06-29,2024-11-20
293,2025-01-25,2024-06-27
6480,2024-06-06,2024-10-17
5611,2024-08-27,2024-06-19
258,2024-03-29,2024-11-16
9083,2024-07-30,2024-06-21
1147,2024-07-07,2024-05-11
9653,2024-05-20,2024-09-08
5193,2024-06-14,2024-08-31
2263,2024-11-03,2024-04-04
7889,2024-05-21,2024-11-19
883,2024-04-08,2024-10-27
9005,2024-07-18,2024-06-04
6627,2024-09-23,2025-03-07
341,2024-08-28,2024-09-09
1951,2024-10-29,2024-08-13
1876,2024-06-21,2025-03-22
6617,2024-10-27,2025-01-01
7418,2024-11-15,2024-08-09
3105,2025-03-21,2025-03-08
7413,2024-11-01,2024-10-31
3383,2024-06-02,2025-03-16
3298,2024-08-08,2025-01-24
9420,2024-04-10,2024-08-23
1708,2024-12-27,2024-05-02
4931,2024-08-06,2024-07-25
4707,2025-01-29,2024-05-26
6897,2024-08-07,2024-05-01
760,2024-04-20,2025-01-07
2299,2024-04-11,2024-06-05
9099,2024-04-16,2025-01-07
969,2024-06-20,2024-12-24
9404,2024-06-25,2024-12-14
4249,2024-06-23,2024-12-10
4236,2024-04-26,2024-08-07
1016,2025-01-22,2024-04-18
1154,2024-06-19,2024-09-19
2047,2024-08-12,2024-08-27
3092,2024-12-04,2024-10-15
4182,2025-02-04,2025-03-18
3277,2024-11-25,2024-04-27
7740,2024-04-06,2024-07-18
825,2024-11-03,2024-08-29
4817,2024-12-21,2025-01-12
7332,2024-06-08,2024-05-28
2296,2025-03-03,2024-12-16
6757,2024-05-02,2024-05-23
8061,2024-07-19,2024-07-12
6776,2024-11-19,2024-05-05
2663,2025-01-07,2024-08-04
8272,2024-12-05,2024-08-13
9249,2024-06-29,2024-12-14
7013,2024-10-20,2025-02-21
2965,2024-12-11,2024-06-17
5509,2024-08-23,2024-04-30
6535,2024-06-05,2024-10-03
6399,2024-07-01,2025-03-01
22,2024-08-23,2024-10-19
3340,2025-03-16,2024-12-01
6088,2024-11-12,2025-01-13
9008,2024-07-25,2024-11-30
4155,2025-03-12,2024-03-27
3897,2024-08-25,2025-02-27
9770,2024-10-06,2024-06-11
5018,2024-12-26,2024-12-06
186,2024-12-22,2024-05-19
1219,2025-03-10,2024-11-09
4425,2025-02-01,2024-09-06
6564,2024-06-24,2024-05-09
1150,2024-06-09,2024-10-25
5623,2025-02-19,2025-03-15
4986,2024-12-25,2024-08-26
8775,2024-07-11,2025-02-11
4575,2024-12-10,2024-05-30
4932,2025-03-07,2024-03-30
4321,2024-11-16,2025-01-19
4139,2024-05-25,2024-11-26
6481,2024-07-15,2024-12-14
688,2024-09-28,2024-04-26
3896,2024-12-03,2024-03-30
5876,2024-12-24,2024-12-23
6710,2024-07-06,2024-11-06
7399,2024-10-12,2024-10-03
91,2025-01-01,2025-01-12
1649,2024-11-15,2024-05-19
2595,2025-01-26,2024-06-25
3156,2024-06-08,2025-01-31
4745,2025-01-16,2024-08-19
1249,2024-12-04,2024-04-08
4022,2025-02-21,2024-05-05
2841,2024-09-04,2024-05-06
2003,2024-09-06,2025-02-04
3713,2025-01-11,2024-07-11
1156,2024-12-25,2024-11-21
6225,2025-01-16,2024-07-06
4424,2025-02-15,2024-07-16
1130,2024-05-11,2025-03-24
5241,2024-10-16,2024-07-03
7882,2024-11-06,2025-03-22
9481,2025-01-24,2024-07-14
3366,2024-05-12,2024-07-06
5968,2024-11-23,2024-05-09
406,2024-12-22,2025-02-02
7401,2025-02-24,2024-08-03
7348,2025-02-11,2025-02-12
9896,2024-12-02,2024-05-22
3498,2024-11-13,2024-04-05
8715,2024-11-22,2024-05-01
7902,2024-07-16,2024-04-02
514,2024-03-27,2025-01-09
411,2024-12-09,2024-09-04
787,2025-02-05,2024-09-06
8808,2024-11-19,2024-09-28
2,2025-03-16,2024-05-22
9279,2024-12-14,2024-06-25
6819,2024-08-12,2024-11-03
7680,2024-09-11,2024-10-07
2456,2024-05-13,2024-08-24
3225,2025-01-26,2024-06-27
4292,2024-08-13,2024-10-30
9827,2024-04-12,2024-09-13
3933,2024-05-30,2025-01-25
8497,2024-06-13,2024-05-17
4694,2024-05-09,2024-06-09
4090,2025-02-13,2025-01-25
336,2024-05-23,2024-06-29
1001,2024-10-26,2025-02-21
9467,2024-04-09,2024-06-08
8742,2025-02-18,2025-02-01
439,2024-09-07,2024-07-13
116,2024-11-26,2024-09-02
5902,2024-05-19,2024-10-07
9494,2024-11-29,2024-12-10
2161,2024-07-05,2025-03-25
5213,2024-06-30,2025-03-26
6212,2025-03-19,2024-11-07
7524,2024-10-22,2024-12-12
7329,2024-05-27,2024-11-21
4905,2024-12-04,2024-06-21
326,2024-09-27,2024-05-06
1081,2025-03-06,2025-03-20
2312,2024-04-06,2024-07-07
536,2024-11-28,2024-12-25
7765,2024-09-27,2024-08-03
8922,2024-09-16,2024-10-18
8736,2024-06-07,2025-02-28
6649,2024-07-31,2024-09-03
4146,2025-03-09,2024-12-26
9333,2024-09-20,2024-06-26
4058,2024-07-01,2025-02-13
683,2024-12-30,2024-07-29
5107,2024-06-04,2024-06-20
6748,2024-06-30,2024-05-23
5530,2025-02-28,2025-03-20
7930,2024-05-02,2024-04-02
8483,2024-08-23,2025-02-03
7281,2025-02-14,2024-08-12
6341,2025-02-01,2025-01-18
119,2025-02-17,2024-10-24
3965,2024-04-22,2024-11-22
18,2025-03-03,2024-11-23
8034,2024-04-22,2024-04-07
8945,2024-11-04,2024-11-29
7516,2024-12-07,2024-07-16
7783,2024-11-12,2025-01-15
2747,2024-08-22,2024-07-09
6198,2025-03-12,2024-05-01
6684,2024-05-09,2024-11-25
8469,2024-10-04,2024-09-12
6266,2024-06-08,2024-05-20
7282,2024-08-27,2024-08-23
9629,2024-10-25,2024-11-11
362,2024-07-28,2024-08-14
9845,2024-05-10,2024-08-09
6556,2024-09-24,2024-11-28
6831,2024-04-10,2024-05-27
2447,2025-02-27,2025-01-30
5268,2025-02-08,2024-07-27
488,2024-06-16,2025-01-09
5350,2024-05-23,2024-06-08
9228,2025-03-19,2025-03-05
5010,2024-05-24,2024-05-07
5436,2024-08-13,2025-02-13
2749,2024-10-30,2024-09-25
117,2025-01-29,2024-04-05
95,2024-09-16,2024-11-02
6140,2024-11-14,2025-02-12
1274,2024-11-27,2025-03-16
6538,2025-03-16,2024-11-23
621,2024-04-04,2024-07-28
5920,2024-06-05,2024-09-11
4824,2024-11-15,2024-12-26
3552,2025-03-05,2024-09-30
3696,2024-05-13,2024-09-29
4050,2025-01-05,2024-05-01
8102,2024-10-22,2024-12-30
1181,2024-09-02,2024-04-30
1637,2025-02-09,2024-12-04
1434,2024-04-23,2024-10-17
1412,2024-05-28,2025-02-21
6876,2024-11-08,2024-07-28
9073,2024-10-12,2024-10-11
1826,2025-01-20,2024-06-24
7226,2024-04-17,2024-09-11
3511,2024-09-23,2024-05-03
4075,2025-02-07,2024-09-02
9489,2024-09-23,2024-08-31
2033,2024-03-27,2024-08-12
9813,2024-11-03,2025-01-15
9414,2025-03-20,2024-05-02
4147,2024-05-26,2025-01-07
5895,2024-04-23,2024-10-03
6569,2024-10-04,2024-07-15
5892,2024-09-13,2024-06-05
3176,2024-08-19,2024-05-29
4802,2024-11-01,2024-12-17
9422,2024-06-04,2024-06-01
6545,2025-02-08,2024-06-28
4238,2024-07-05,2024-10-28
6184,2024-11-14,2024-09-15
9111,2024-07-08,2025-02-22
5640,2024-07-05,2025-02-17
6464,2024-05-26,2024-11-02
5617,2024-10-16,2025-01-25
5744,2024-05-07,2025-03-05
8673,2024-04-18,2024-06-16
5197,2024-08-25,2024-04-18
4750,2025-02-22,2024-10-10
8248,2024-10-02,2024-07-13
3663,2024-07-07,2024-10-17
6494,2024-05-29,2024-04-19
9695,2024-05-15,2024-12-07
9604,2024-07-07,2024-05-01
7861,2024-09-15,2024-10-15
2371,2024-06-04,2024-04-26
8297,2024-04-12,2024-09-09
7988,2024-07-06,2024-09-17
5000,2024-07-24,2024-10-02
2629,2024-10-12,2024-10-28
9246,2025-02-08,2025-01-02
6283,2025-01-24,2024-10-28
6854,2024-10-29,2024-05-26
1433,2024-11-08,2025-01-30
4067,2024-08-16,2024-04-24
6990,2025-02-04,2024-08-29
9907,2024-08-28,2024-05-24
4443,2024-11-07,2025-01-29
8703,2024-08-15,2024-08-15
624,2025-01-01,2024-08-24
8293,2025-02-25,2024-08-10
4002,2025-01-14,2025-01-17
7979,2024-11-05,2024-10-27
5144,2025-02-09,2024-04-05
5614,2024-12-20,2024-07-04
3590,2024-05-09,2024-08-06
4943,2025-01-07,2025-03-10
9601,2025-03-14,2024-07-30
2335,2024-09-13,2024-12-24
2030,2024-08-17,2024-06-16
5028,2024-08-10,2024-07-26
3248,2025-02-16,2024-12-08
9639,2025-01-18,2024-04-12
2698,2024-05-06,2025-01-23
5511,2024-11-26,2024-12-01
4606,2024-06-12,2025-01-15
4435,2024-05-25,2024-06-02
2106,2024-10-17,2024-08-28
5280,2024-03-27,2025-01-22
5232,2024-05-19,2024-11-19
3422,2024-11-07,2025-03-11
6973,2024-04-08,2024-04-01
6418,2024-07-29,2025-01-08
8656,2025-02-02,2024-04-18
9515,2024-12-18,2024-04-05
1884,2024-07-04,2024-08-30
6659,2024-09-14,2025-01-18
5581,2024-04-20,2025-02-24
5065,2025-03-11,2024-08-16
6808,2024-07-10,2024-12-16
9998,2024-08-07,2024-10-25
7665,2024-06-18,2024-10-15
5841,2024-10-24,2024-11-21
6028,2025-01-27,2024-04-01
1280,2024-12-18,2024-07-23
1353,2024-07-26,2025-01-28
2152,2024-11-12,2024-05-05
6541,2024-11-12,2024-10-01
3160,2024-08-15,2024-07-25
7175,2024-11-10,2024-06-05
8992,2024-11-12,2024-07-07
267,2024-08-10,2024-05-23
2818,2024-06-27,2025-01-18
7506,2024-11-20,2025-01-11
3147,2024-08-31,2024-08-05
7982,2024-12-04,2025-02-21
5352,2025-02-04,2024-08-14
7000,2024-06-18,2024-05-08
4291,2025-01-08,2025-03-13
9627,2025-03-21,2024-09-05
4963,2024-11-23,2024-07-25
674,2024-11-05,2024-05-12
8338,2024-12-09,2024-07-15
1213,2024-08-17,2024-03-27
9487,2024-09-17,2024-09-15
9348,2025-03-02,2024-06-21
1338,2025-02-25,2024-09-24
6379,2025-01-13,2025-01-19
1736,2024-05-14,2024-07-18
8404,2024-04-06,2024-10-24
9424,2024-12-21,2024-04-26
5130,2024-07-19,2024-05-16
2946,2024-05-21,2024-11-11
6691,2024-08-08,2024-08-24
7901,2024-05-07,2024-08-30
4091,2024-11-09,2024-06-04
4773,2024-10-15,2025-03-04
5847,2025-01-20,2025-01-30
8098,2024-07-05,2025-02-18
8245,2024-08-22,2024-06-19
4872,2025-02-24,2024-11-01
9943,2024-12-03,2024-04-29
8861,2025-01-05,2024-06-05
4346,2025-02-21,2024-11-03
8623,2024-05-26,2024-10-25
7526,2025-03-08,2024-07-12
7822,2024-07-06,2025-01-14
6069,2024-11-16,2025-01-28
5455,2024-11-08,2024-10-28
6202,2025-02-10,2024-06-15
8692,2025-02-22,2024-05-11
